day,inr,gbp
30,81.351,0.87341
10,81.2005,0.90423
04,79.4315,0.89988
09,80.6365,0.89913
16,81.0055,0.8859
28,81.232,0.86888
22,81.046,0.88
25,80.634,0.8658
15,81.231,0.89025
14,81.2195,0.89263
08,80.245,0.89743
21,80.9335,0.88303
24,80.656,0.87085
11,81.3475,0.90015
02,79.9855,0.90165
18,81.0875,0.88125
31,81.686,0.87578
07,79.6895,0.8972
23,81.0535,0.87213
29,81.306, 0.86735
03,79.608,0.90312
17,80.9765,0.8826

